{
  "build": "haa95532_1",
  "build_number": 1,
  "channel": "https://repo.anaconda.com/pkgs/main/win-64",
  "constrains": [],
  "depends": [],
  "extracted_package_dir": "C:\\Users\\tee\\anaconda3\\pkgs\\ca-certificates-2021.4.13-haa95532_1",
  "features": "",
  "files": [
    "Library/ssl/cacert.pem",
    "Library/ssl/cert.pem",
    ".nonadmin"
  ],
  "fn": "ca-certificates-2021.4.13-haa95532_1.conda",
  "legacy_bz2_md5": "7b566b18235337d93e0602878e25e822",
  "license": "MPL 2.0",
  "link": {
    "source": "C:\\Users\\tee\\anaconda3\\pkgs\\ca-certificates-2021.4.13-haa95532_1",
    "type": 1
  },
  "md5": "63b766ef2c993244a4131b3c3460b779",
  "name": "ca-certificates",
  "package_tarball_full_path": "C:\\Users\\tee\\anaconda3\\pkgs\\ca-certificates-2021.4.13-haa95532_1.conda",
  "paths_data": {
    "paths": [
      {
        "_path": "Library/ssl/cacert.pem",
        "path_type": "hardlink",
        "sha256": "533610ad2b004c1622a40622f86ced5e89762e1c0e4b3ae08b31b240d863e91f",
        "sha256_in_prefix": "533610ad2b004c1622a40622f86ced5e89762e1c0e4b3ae08b31b240d863e91f",
        "size_in_bytes": 206919
      },
      {
        "_path": "Library/ssl/cert.pem",
        "path_type": "hardlink",
        "sha256": "533610ad2b004c1622a40622f86ced5e89762e1c0e4b3ae08b31b240d863e91f",
        "sha256_in_prefix": "533610ad2b004c1622a40622f86ced5e89762e1c0e4b3ae08b31b240d863e91f",
        "size_in_bytes": 206919
      }
    ],
    "paths_version": 1
  },
  "requested_spec": "None",
  "sha256": "5a5c83a37ecbbe83e1fdf7bea5c2272910e7440f472028f31131435268f84103",
  "size": 117366,
  "subdir": "win-64",
  "timestamp": 1618348730992,
  "track_features": "",
  "url": "https://repo.anaconda.com/pkgs/main/win-64/ca-certificates-2021.4.13-haa95532_1.conda",
  "version": "2021.4.13"
}