{
  "build": "py37haa95532_0",
  "build_number": 0,
  "channel": "https://repo.anaconda.com/pkgs/main/win-64",
  "constrains": [],
  "depends": [
    "python >=3.7,<3.8.0a0"
  ],
  "extracted_package_dir": "C:\\Users\\tee\\anaconda3\\pkgs\\certifi-2020.12.5-py37haa95532_0",
  "features": "",
  "files": [
    "Lib/site-packages/certifi-2020.12.5-py3.7.egg-info/PKG-INFO",
    "Lib/site-packages/certifi-2020.12.5-py3.7.egg-info/SOURCES.txt",
    "Lib/site-packages/certifi-2020.12.5-py3.7.egg-info/dependency_links.txt",
    "Lib/site-packages/certifi-2020.12.5-py3.7.egg-info/installed-files.txt",
    "Lib/site-packages/certifi-2020.12.5-py3.7.egg-info/not-zip-safe",
    "Lib/site-packages/certifi-2020.12.5-py3.7.egg-info/top_level.txt",
    "Lib/site-packages/certifi/__init__.py",
    "Lib/site-packages/certifi/__main__.py",
    "Lib/site-packages/certifi/__pycache__/__init__.cpython-37.pyc",
    "Lib/site-packages/certifi/__pycache__/__main__.cpython-37.pyc",
    "Lib/site-packages/certifi/__pycache__/core.cpython-37.pyc",
    "Lib/site-packages/certifi/cacert.pem",
    "Lib/site-packages/certifi/core.py",
    ".nonadmin"
  ],
  "fn": "certifi-2020.12.5-py37haa95532_0.conda",
  "legacy_bz2_md5": "2eb3a9d7f61f87a97f0a3123a76f49ce",
  "license": "ISC",
  "link": {
    "source": "C:\\Users\\tee\\anaconda3\\pkgs\\certifi-2020.12.5-py37haa95532_0",
    "type": 1
  },
  "md5": "b19fff94e56a15d13326eae3298e4461",
  "name": "certifi",
  "package_tarball_full_path": "C:\\Users\\tee\\anaconda3\\pkgs\\certifi-2020.12.5-py37haa95532_0.conda",
  "paths_data": {
    "paths": [
      {
        "_path": "Lib/site-packages/certifi-2020.12.5-py3.7.egg-info/PKG-INFO",
        "path_type": "hardlink",
        "sha256": "a5e3b21a991775e82c1aa0c585f592908ae9643434f39a8f251d216d11c8eb2b",
        "sha256_in_prefix": "a5e3b21a991775e82c1aa0c585f592908ae9643434f39a8f251d216d11c8eb2b",
        "size_in_bytes": 3534
      },
      {
        "_path": "Lib/site-packages/certifi-2020.12.5-py3.7.egg-info/SOURCES.txt",
        "path_type": "hardlink",
        "sha256": "c114f069d008d26b348202e02bfe15105bad6ff7bf233a1a3f874d4889c584b0",
        "sha256_in_prefix": "c114f069d008d26b348202e02bfe15105bad6ff7bf233a1a3f874d4889c584b0",
        "size_in_bytes": 278
      },
      {
        "_path": "Lib/site-packages/certifi-2020.12.5-py3.7.egg-info/dependency_links.txt",
        "path_type": "hardlink",
        "sha256": "01ba4719c80b6fe911b091a7c05124b64eeece964e09c058ef8f9805daca546b",
        "sha256_in_prefix": "01ba4719c80b6fe911b091a7c05124b64eeece964e09c058ef8f9805daca546b",
        "size_in_bytes": 1
      },
      {
        "_path": "Lib/site-packages/certifi-2020.12.5-py3.7.egg-info/installed-files.txt",
        "path_type": "hardlink",
        "sha256": "2273dbc09e1f55bee490b5f1cd4944376791c89fe3b0e5d568f7c790fc944990",
        "sha256_in_prefix": "2273dbc09e1f55bee490b5f1cd4944376791c89fe3b0e5d568f7c790fc944990",
        "size_in_bytes": 305
      },
      {
        "_path": "Lib/site-packages/certifi-2020.12.5-py3.7.egg-info/not-zip-safe",
        "path_type": "hardlink",
        "sha256": "01ba4719c80b6fe911b091a7c05124b64eeece964e09c058ef8f9805daca546b",
        "sha256_in_prefix": "01ba4719c80b6fe911b091a7c05124b64eeece964e09c058ef8f9805daca546b",
        "size_in_bytes": 1
      },
      {
        "_path": "Lib/site-packages/certifi-2020.12.5-py3.7.egg-info/top_level.txt",
        "path_type": "hardlink",
        "sha256": "28cbb8bd409fb232eb90f6d235d81d7a44bea552730402453bffe723c345ebe5",
        "sha256_in_prefix": "28cbb8bd409fb232eb90f6d235d81d7a44bea552730402453bffe723c345ebe5",
        "size_in_bytes": 8
      },
      {
        "_path": "Lib/site-packages/certifi/__init__.py",
        "path_type": "hardlink",
        "sha256": "4ac99d9851e31c263854bb6ac29a7d3ff8ec39c02e1e3fb97395aaa04cfea058",
        "sha256_in_prefix": "4ac99d9851e31c263854bb6ac29a7d3ff8ec39c02e1e3fb97395aaa04cfea058",
        "size_in_bytes": 62
      },
      {
        "_path": "Lib/site-packages/certifi/__main__.py",
        "path_type": "hardlink",
        "sha256": "c410688fdd394d45812d118034e71fee88ba7beddd30fe1c1281bd3b232cd758",
        "sha256_in_prefix": "c410688fdd394d45812d118034e71fee88ba7beddd30fe1c1281bd3b232cd758",
        "size_in_bytes": 243
      },
      {
        "_path": "Lib/site-packages/certifi/__pycache__/__init__.cpython-37.pyc",
        "path_type": "hardlink",
        "sha256": "2f8c83fb9b724cad1ce66141a8de3479c9973eebfc3731cb170a6111505083cd",
        "sha256_in_prefix": "2f8c83fb9b724cad1ce66141a8de3479c9973eebfc3731cb170a6111505083cd",
        "size_in_bytes": 208
      },
      {
        "_path": "Lib/site-packages/certifi/__pycache__/__main__.cpython-37.pyc",
        "path_type": "hardlink",
        "sha256": "5ebc29c0ff378a9268a2bb12f88783f107e51e00804e2c747b42ef85bae90804",
        "sha256_in_prefix": "5ebc29c0ff378a9268a2bb12f88783f107e51e00804e2c747b42ef85bae90804",
        "size_in_bytes": 373
      },
      {
        "_path": "Lib/site-packages/certifi/__pycache__/core.cpython-37.pyc",
        "path_type": "hardlink",
        "sha256": "12eda5db1c2da1261d64dd8af2a96e6ba1eed5556a9298932664e804d401a09f",
        "sha256_in_prefix": "12eda5db1c2da1261d64dd8af2a96e6ba1eed5556a9298932664e804d401a09f",
        "size_in_bytes": 1077
      },
      {
        "_path": "Lib/site-packages/certifi/cacert.pem",
        "path_type": "hardlink",
        "sha256": "bb77f13d3fbec9e98bbf28ac95046b44196c7d8f55ab7720061e99991a829197",
        "sha256_in_prefix": "bb77f13d3fbec9e98bbf28ac95046b44196c7d8f55ab7720061e99991a829197",
        "size_in_bytes": 263774
      },
      {
        "_path": "Lib/site-packages/certifi/core.py",
        "path_type": "hardlink",
        "sha256": "574bb2c4a398773eae9434aeb1c96b2e68db3e0397b03d019c47f4490ece9e81",
        "sha256_in_prefix": "574bb2c4a398773eae9434aeb1c96b2e68db3e0397b03d019c47f4490ece9e81",
        "size_in_bytes": 2303
      }
    ],
    "paths_version": 1
  },
  "requested_spec": "None",
  "sha256": "df69a219108bf27202c326eb0b71565037a6451d239e62b0fb1f10b642e496a7",
  "size": 143995,
  "subdir": "win-64",
  "timestamp": 1607347752970,
  "track_features": "",
  "url": "https://repo.anaconda.com/pkgs/main/win-64/certifi-2020.12.5-py37haa95532_0.conda",
  "version": "2020.12.5"
}