{
  "build": "py37he774522_2",
  "build_number": 2,
  "channel": "https://repo.anaconda.com/pkgs/main/win-64",
  "constrains": [],
  "depends": [
    "portaudio",
    "python >=3.7,<3.8.0a0",
    "vc >=14.1,<15.0a0",
    "vs2015_runtime >=14.16.27012,<15.0a0"
  ],
  "extracted_package_dir": "C:\\Users\\tee\\anaconda3\\pkgs\\pyaudio-0.2.11-py37he774522_2",
  "features": "",
  "files": [
    "Lib/site-packages/PyAudio-0.2.11-py3.7.egg-info",
    "Lib/site-packages/__pycache__/pyaudio.cpython-37.pyc",
    "Lib/site-packages/_portaudio.cp37-win_amd64.pyd",
    "Lib/site-packages/pyaudio.py",
    ".nonadmin"
  ],
  "fn": "pyaudio-0.2.11-py37he774522_2.conda",
  "legacy_bz2_md5": "cdc77f604d743af6ffac89aeeb032966",
  "license": "MIT",
  "link": {
    "source": "C:\\Users\\tee\\anaconda3\\pkgs\\pyaudio-0.2.11-py37he774522_2",
    "type": 1
  },
  "md5": "fb879b28fa86b89787e5a17c68ded0b4",
  "name": "pyaudio",
  "package_tarball_full_path": "C:\\Users\\tee\\anaconda3\\pkgs\\pyaudio-0.2.11-py37he774522_2.conda",
  "paths_data": {
    "paths": [
      {
        "_path": "Lib/site-packages/PyAudio-0.2.11-py3.7.egg-info",
        "path_type": "hardlink",
        "sha256": "4a6c4ff348dac2792e7ee2a35c2e50ebdef2f97f01f270ee02ecca8e40230dc4",
        "sha256_in_prefix": "4a6c4ff348dac2792e7ee2a35c2e50ebdef2f97f01f270ee02ecca8e40230dc4",
        "size_in_bytes": 1572
      },
      {
        "_path": "Lib/site-packages/__pycache__/pyaudio.cpython-37.pyc",
        "path_type": "hardlink",
        "sha256": "56a43e166d6959be5f90e626e41b278ea5bb323ab3b3124cf4821279d81891a1",
        "sha256_in_prefix": "56a43e166d6959be5f90e626e41b278ea5bb323ab3b3124cf4821279d81891a1",
        "size_in_bytes": 30435
      },
      {
        "_path": "Lib/site-packages/_portaudio.cp37-win_amd64.pyd",
        "path_type": "hardlink",
        "sha256": "8dd16a411755d68ada563c92f3e35897ef2104ad1ccdce2aea08e6b03de14512",
        "sha256_in_prefix": "8dd16a411755d68ada563c92f3e35897ef2104ad1ccdce2aea08e6b03de14512",
        "size_in_bytes": 35840
      },
      {
        "_path": "Lib/site-packages/pyaudio.py",
        "path_type": "hardlink",
        "sha256": "aa34f82b3c548780cee3962f0d5d11a7ca0c86944340443b52f9ae3445380121",
        "sha256_in_prefix": "aa34f82b3c548780cee3962f0d5d11a7ca0c86944340443b52f9ae3445380121",
        "size_in_bytes": 38498
      }
    ],
    "paths_version": 1
  },
  "requested_spec": "pyaudio",
  "sha256": "31b586fe1f6903ecb0f6da45ca7e9b33c754afac831b72afebb85becee488278",
  "size": 209872,
  "subdir": "win-64",
  "timestamp": 1584479411257,
  "track_features": "",
  "url": "https://repo.anaconda.com/pkgs/main/win-64/pyaudio-0.2.11-py37he774522_2.conda",
  "version": "0.2.11"
}