{
  "build": "h2bbff1b_0",
  "build_number": 0,
  "channel": "https://repo.anaconda.com/pkgs/main/win-64",
  "constrains": [],
  "depends": [
    "vc >=14.1,<15.0a0",
    "vs2015_runtime >=14.16.27012,<15.0a0"
  ],
  "extracted_package_dir": "C:\\Users\\tee\\anaconda3\\pkgs\\sqlite-3.35.4-h2bbff1b_0",
  "features": "",
  "files": [
    "Library/bin/sqlite3.dll",
    "Library/bin/sqlite3.exe",
    "Library/include/sqlite3.h",
    "Library/include/sqlite3ext.h",
    "Library/lib/sqlite3.lib",
    ".nonadmin"
  ],
  "fn": "sqlite-3.35.4-h2bbff1b_0.conda",
  "legacy_bz2_md5": "64945c66c901e07114b8e5a030610ad5",
  "license": "Public-Domain (http://www.sqlite.org/copyright.html)",
  "link": {
    "source": "C:\\Users\\tee\\anaconda3\\pkgs\\sqlite-3.35.4-h2bbff1b_0",
    "type": 1
  },
  "md5": "b9055bfea3c8b6a0169181b6680bef24",
  "name": "sqlite",
  "package_tarball_full_path": "C:\\Users\\tee\\anaconda3\\pkgs\\sqlite-3.35.4-h2bbff1b_0.conda",
  "paths_data": {
    "paths": [
      {
        "_path": "Library/bin/sqlite3.dll",
        "path_type": "hardlink",
        "sha256": "02358a9a393bbf60ff35f375d2daa8c191663d93d77da8a255ce1aa1820e98fa",
        "sha256_in_prefix": "02358a9a393bbf60ff35f375d2daa8c191663d93d77da8a255ce1aa1820e98fa",
        "size_in_bytes": 1405440
      },
      {
        "_path": "Library/bin/sqlite3.exe",
        "path_type": "hardlink",
        "sha256": "56c89e0c8da46c9a7928460ca77e61d99734a19395b79b9412cfe4380f8e129c",
        "sha256_in_prefix": "56c89e0c8da46c9a7928460ca77e61d99734a19395b79b9412cfe4380f8e129c",
        "size_in_bytes": 1715712
      },
      {
        "_path": "Library/include/sqlite3.h",
        "path_type": "hardlink",
        "sha256": "6d44bbb915b2bc7e0892dbb9b07b13094910cd11bee38c280288a898db9bb3cb",
        "sha256_in_prefix": "6d44bbb915b2bc7e0892dbb9b07b13094910cd11bee38c280288a898db9bb3cb",
        "size_in_bytes": 584358
      },
      {
        "_path": "Library/include/sqlite3ext.h",
        "path_type": "hardlink",
        "sha256": "5be8b74802530d9e8fd1c767a21fda2b31a51476cf1c9a26b25b49903ffbe112",
        "sha256_in_prefix": "5be8b74802530d9e8fd1c767a21fda2b31a51476cf1c9a26b25b49903ffbe112",
        "size_in_bytes": 35437
      },
      {
        "_path": "Library/lib/sqlite3.lib",
        "path_type": "hardlink",
        "sha256": "3064e1b28de643dd51ff853bc62fd24a43d477472d9f6f277c74f139fee522b0",
        "sha256_in_prefix": "3064e1b28de643dd51ff853bc62fd24a43d477472d9f6f277c74f139fee522b0",
        "size_in_bytes": 64046
      }
    ],
    "paths_version": 1
  },
  "requested_spec": "None",
  "sha256": "ca2df2f0b3bdaad59da2bc3053d79607cf92f2151f1a274c150c96e3a433fb3a",
  "size": 779258,
  "subdir": "win-64",
  "timestamp": 1617396952006,
  "track_features": "",
  "url": "https://repo.anaconda.com/pkgs/main/win-64/sqlite-3.35.4-h2bbff1b_0.conda",
  "version": "3.35.4"
}